{"chunk_definitions":[{"chunk_id":"c2ovaybpcfunl","chunk_label":"load-libraries","document_id":"997EC4DF","expansion_state":0,"options":{"engine":"r","label":"load-libraries"},"row":23,"row_count":1,"visible":true},{"chunk_id":"cpte8jdo13stb","chunk_label":"load-data","document_id":"997EC4DF","expansion_state":0,"options":{"engine":"r","label":"load-data"},"row":42,"row_count":1,"visible":true},{"chunk_id":"cgc87wry9y2x5","chunk_label":"view-data","document_id":"997EC4DF","expansion_state":0,"options":{"engine":"r","label":"view-data"},"row":48,"row_count":1,"visible":true},{"chunk_id":"c1xy7bexdoah1","chunk_label":"species-count","document_id":"997EC4DF","expansion_state":0,"options":{"engine":"r","label":"species-count"},"row":70,"row_count":1,"visible":true},{"chunk_id":"cu94y2nyzalgt","chunk_label":"phase-count","document_id":"997EC4DF","expansion_state":0,"options":{"engine":"r","label":"phase-count"},"row":77,"row_count":1,"visible":true},{"chunk_id":"c4t2wufisb2el","chunk_label":"count-year","document_id":"997EC4DF","expansion_state":0,"options":{"engine":"r","label":"count-year"},"row":106,"row_count":1,"visible":true},{"chunk_id":"cx0p06pkc8v3j","chunk_label":"summarize-time-month","document_id":"997EC4DF","expansion_state":0,"options":{"engine":"r","label":"summarize-time-month"},"row":120,"row_count":1,"visible":true},{"chunk_id":"crqokwk78gi97","chunk_label":"plot-time-month1","document_id":"997EC4DF","expansion_state":0,"options":{"engine":"r","label":"plot-time-month1"},"row":135,"row_count":1,"visible":true},{"chunk_id":"c5lupc7m639om","chunk_label":"plot-time-month2","document_id":"997EC4DF","expansion_state":0,"options":{"engine":"r","label":"plot-time-month2"},"row":151,"row_count":1,"visible":true},{"chunk_id":"cuuj67ggm5f6h","chunk_label":"summarize-damages-month","document_id":"997EC4DF","expansion_state":0,"options":{"engine":"r","label":"summarize-damages-month"},"row":184,"row_count":1,"visible":true}],"doc_write_time":1536866338}