Seat,con_2015,lab_2015,ld_2015,ukip_2015,leave_share,born_in_uk,male,unemployed,degree,age_18to24
Aldershot,50.592,18.333,8.824,17.867,57.8977657,83.10463617,49.89896268,3.636999702,13.8706609,9.406093031
Aldridge-Brownhills,52.05,22.369,3.367,19.624,67.7963496,96.12206719,48.92950867,4.553606657,9.97411371,7.325850287
Altrincham and Sale West,52.994,26.686,8.383,8.011,38.5878,90.48565601,48.90621279,3.039962906,28.60013483,6.437452765
Amber Valley,43.979,34.781,2.975,15.887,65.2991247,97.30437058,49.21657203,4.261172587,9.336294171,7.747801054
Arundel and South Downs,60.788,11.197,7.192,14.438,49.7011058,93.3379255,48.0018917,2.468099881,18.77559148,5.734730176
Ashfield,22.418,41.022,14.828,21.409,70.4728888,96.96214455,49.17185078,4.74273109,6.085456892,8.209863218
Ashford,52.454,18.441,5.984,18.821,59.8619474,90.50823446,48.52222419,3.687888681,13.12173105,7.81565433
Ashton-under-Lyne,22.123,49.761,2.423,21.759,61.8098026,90.72874762,49.17554485,5.108282361,7.899545261,8.937491711
Aylesbury,50.674,15.141,10.619,19.713,51.7879098,86.95974155,49.51262184,3.390869166,17.79894007,7.561072695
Banbury,53.008,21.297,5.93,13.877,50.3477977,88.82538498,49.45814395,2.93209337,16.70032375,7.606336069
Barking,16.308,57.68,1.306,22.197,59.9748796,66.39277918,48.90158855,7.36482139,14.44073921,9.631028591
Barnsley Central,15.003,55.733,2.106,21.72,68.1881304,95.60281868,49.3501645,5.337255395,8.134895096,8.60886203
Barnsley East,14.596,54.726,3.16,23.483,70.9849935,97.13492713,48.95061592,5.620403787,6.520968534,8.345312604
Barrow and Furness,40.497,42.334,2.701,11.716,57.2787065,96.96597843,49.37180555,4.202689357,10.66508927,7.775876433
Basildon and Billericay,52.682,23.673,3.802,19.843,67.1358773,92.50616031,48.17420585,4.613723834,10.88123572,7.790426706
Basingstoke,48.551,27.707,7.384,15.619,53.598782,87.02729731,49.44534983,3.631748266,16.51957404,8.045668358
Bassetlaw,30.68,48.621,2.7,15.957,68.322755,95.24217787,49.49040536,4.016111525,9.035628338,7.798050247
Bath,37.808,13.179,29.682,6.195,31.7245489,86.22986979,48.99334901,2.777410201,28.90385712,18.675654689999998
Batley and Spen,31.239,43.238,4.747,17.988,59.6283976,90.17043717,49.35819609,4.93943057,10.56081487,8.697949008
Battersea,52.38,36.825,4.391,3.108,22.0467406,65.48369866,48.89278318,3.849258516,51.09832347,9.022669128
Beaconsfield,63.241,11.425,7.387,13.75,49.0062673,86.60287563,48.39164076,2.649099841,24.83328789,6.423375291
Beckenham,57.281,19.433,6.922,12.516,48.3817049,86.76719036,48.16977164,3.208042518,23.16356998,7.061176173
Bedford,42.583,40.203,4.249,9.621,51.9491665,77.29800328,49.27572082,5.366740977,15.43303776,10.06668909
Bermondsey and Old Southwark,11.767,43.065,34.336,6.328,26.0503273,58.13613443,50.57065174,5.508162395,38.62520153,14.82113783
Berwick-upon-Tweed,41.073,14.947,28.917,11.164,55.2978154,96.8263821,49.3700309,4.062122397,13.78667836,6.802873821
Bethnal Green and Bow,15.248,61.195,4.525,6.082,30.8583952,59.30945904,51.10449857,6.603542318,35.43337937,16.8462956
Beverley and Holderness,48.148,24.982,5.505,16.694,58.7394756,96.83803184,48.85511489,3.452392257,14.34930642,6.831214661
Bexhill and Battle,54.774,14.12,7.604,18.418,57.7212146,93.76631886,47.60391951,2.947612305,12.88976097,6.022218472
Bexleyheath and Crayford,47.254,26.213,2.994,21.019,65.2551375,87.95533194,48.23331208,4.406649861,11.29936196,8.658136782
Birkenhead,14.858,67.617,3.566,9.805,51.7076065,95.34328627,48.23796978,6.869249207,10.87277794,9.100632755
"Birmingham, Edgbaston",38.292,44.845,2.867,10.06,47.3470705,80.26882611,48.65690498,5.787932368,24.15349315,15.12819982
"Birmingham, Erdington",30.836,45.623,2.782,17.414,62.9728917,84.97514778,48.35852646,8.214920713,9.999342927,9.728159709
"Birmingham, Hall Green",17.704,59.829,11.604,4.53,33.5687509,68.20558393,50.38997791,7.152929432,20.4179692,10.46642049
"Birmingham, Hodge Hill",11.47,68.396,6.394,11.333,51.4841673,71.1969296,48.87736485,9.526675717,7.510217581,10.41601604
"Birmingham, Ladywood",12.741,73.627,3.826,5.026,35.6226716,59.68995919,51.54744145,9.14014968,19.71554987,18.80766893
"Birmingham, Northfield",35.713,41.622,3.177,16.735,61.7882451,91.5107176,48.22326517,7.057384682,11.26835108,9.075940131
"Birmingham, Perry Barr",21.495,57.433,4.85,12.196,51.2173171,70.19516295,49.39676907,7.812334709,12.26393212,11.39882342
"Birmingham, Selly Oak",29.004,47.653,5.557,12.706,46.9074313,85.66788703,48.17377267,5.144818049,19.45510226,18.54574457
"Birmingham, Yardley",13.997,41.625,25.598,16.128,60.0948076,82.10103243,49.03127284,7.286231246,9.220723218,9.362176544
Bishop Auckland,32.494,41.4,4.374,17.81,60.8859752,97.58787281,48.8656576,4.621092173,9.70569471,8.133757158
Blackburn,27.278,56.279,2.171,14.273,53.7292573,81.35688044,49.99160808,5.846487819,10.11049655,9.416668221
Blackley and Broughton,15.038,61.926,2.355,16.458,50.0392038,73.64700146,50.22030807,6.828654678,13.59710857,10.37705184
Blackpool North and Cleveleys,44.444,35.966,2.407,14.782,66.9103424,95.33882553,48.64673646,5.051059442,7.852177306,7.496012759
Blackpool South,33.799,41.768,2.291,17.305,67.8141246,94.30758251,49.31828809,6.380166948,6.377482051,8.922550636
Blaydon,17.443,49.159,12.233,17.498,56.1246243,97.44452374,48.30484476,4.135668407,12.66893281,7.341330524
Blyth Valley,21.7,46.314,5.889,22.319,60.4948533,97.67322998,48.45449899,4.98684232,8.623995007,8.126658067
Bognor Regis and Littlehampton,51.331,13.813,8.999,21.736,64.792305,90.18824988,48.09362714,3.727286846,8.91455524,8.103989516
Bolsover,24.465,51.234,3.327,20.974,70.3942464,97.01607867,49.24369926,4.53125,7.23094965,7.882675473
Bolton North East,32.817,42.958,2.864,18.806,58.1127597,88.84434556,49.30421459,5.250996476,12.48111212,9.346402485
Bolton South East,20.345,50.45,2.631,23.629,63.0276743,84.12238199,49.62210188,5.807189723,9.211763809,9.72805095
Bolton West,40.632,38.984,4.007,15.286,55.5540265,94.76423728,49.30334416,3.987523786,15.85143749,7.776943178
Bootle,8.059,74.457,2.166,10.885,54.7996745,97.02485551,48.09698423,7.155521082,9.009428618,9.616146431
Boston and Skegness,43.797,16.479,2.342,33.792,75.6498714,88.67570119,48.70382754,4.489554804,5.777057404,7.785885685
Bosworth,42.811,17.457,22.304,17.427,60.8293639,96.0053723,49.2195926,3.203954343,12.87741042,7.097942655
Bournemouth East,49.211,16.615,8.37,16.51,53.6906946,84.13638499,49.9383272,3.929992465,16.65570922,9.822617276
Bournemouth West,48.249,17.681,7.854,18.541,57.7317666,86.97255679,49.54530757,3.709000508,13.90315481,15.27059251
Bracknell,55.77,16.871,7.503,15.708,53.2448746,87.39520644,49.90700913,3.374985402,18.49857915,7.897071026
Bradford East,11.308,46.641,29.532,9.909,55.1578293,77.03918468,49.51502372,7.416919605,9.917874396,9.815498155
Bradford South,26.271,43.426,2.91,24.088,63.5612178,88.76064799,48.416958,6.16699613,8.988519576,8.85420257
Bradford West,15.289,49.583,2.911,7.793,46.7408544,67.60484834,50.43438102,6.96672646,13.90933838,13.23271843
Braintree,53.837,18.487,4.948,18.816,61.5156402,94.00143091,49.02085037,3.612030711,10.87047913,7.53577269
Brent Central,20.341,62.119,8.371,3.933,42.8875883,45.75663208,50.15061337,6.708541975,22.70688422,10.27226822
Brent North,33.535,54.276,4.991,3.875,42.6117511,40.72802839,50.66545251,4.86844015,24.71640004,10.47289935
Brentford and Isleworth,42.945,43.756,4.019,5.585,43.3089032,57.08096083,49.96577367,4.266860073,34.21462196,9.018637792
Brentwood and Ongar,58.836,12.509,8.819,16.81,61.1892869,92.42768162,48.46434373,3.101053103,16.77282657,7.012919952
Bridgwater and West Somerset,45.953,17.612,12.425,19.169,62.0639832,94.79379991,48.74964772,3.549052419,10.13197877,7.749178018
Brigg and Goole,53.03,27.201,1.766,15.47,66.2269169,95.12029156,49.23765368,4.25922152,9.665526522,7.283232994
"Brighton, Kemptown",40.675,39.152,3.013,9.813,43.5923134,86.75505368,49.58118099,4.004401077,18.32755067,13.78662619
"Brighton, Pavilion",22.767,27.259,2.789,4.982,25.9335501,84.10703426,50.1819621,3.384024876,32.39382019,18.45588022
Bristol East,30.658,39.27,5.819,15.476,46.7952718,87.29133462,49.18316416,4.250581636,14.36388864,10.01593826
Bristol North West,43.947,34.404,6.204,9.437,38.852812,86.58155522,48.5522126,4.035019347,22.42806757,10.66670635
Bristol South,24.344,38.364,8.686,16.484,47.9528379,91.68444093,48.84086993,4.740912508,17.27300095,9.462115214
Bristol West,15.186,35.66,18.847,3.021,20.7115084,77.10278125,51.95441568,4.17260068,40.50016609,22.14897507
Broadland,50.496,18.78,9.753,16.729,54.100848,95.96062529,48.79606673,2.653457316,11.5984356,6.339034332
Bromley and Chislehurst,52.973,22.192,6.436,14.263,49.8288693,84.77993524,47.63688468,4.058970245,22.42355606,7.261403766
Bromsgrove,53.848,22.211,5.007,15.624,55.3651279,96.00905625,49.4462659,3.052782161,17.36288534,7.135000053
Broxbourne,56.051,18.403,3.187,19.716,65.5347732,88.25792084,48.51098289,4.086929682,10.98249826,8.283227047
Broxtowe,45.215,37.193,3.967,10.618,52.5137019,91.57005823,49.46141454,3.657742812,19.89010571,8.471006939
Buckingham,0,0,0,21.744,48.8708672,92.70250247,49.42686039,2.346534653,22.67374357,6.406404346
Burnley,13.521,37.616,29.455,17.27,66.612799,92.26501568,49.15517063,5.273289573,8.590431238,8.962887237
Burton,49.773,27.533,2.516,17.679,64.7931575,90.78759089,49.77076053,3.967166443,11.69600521,8.559246965
Bury North,41.941,41.105,2.061,12.37,53.6670312,91.6129698,49.19970648,4.208102987,15.13618289,8.078607627
Bury South,34.629,45.053,3.579,13.341,54.5117526,91.00590748,48.72856238,4.351017873,15.64444787,8.114102328
Bury St Edmunds,53.614,17.718,6.035,14.727,53.9924714,92.73122328,49.68331603,2.687019202,14.31919079,7.831770439
Calder Valley,43.619,35.35,4.979,11.113,53.1642131,96.06647177,48.62326512,4.112124992,18.55738877,7.167762551
Camberwell and Peckham,13.169,63.253,5.004,4.68,31.4817703,59.15624551,48.76782777,7.094404518,30.24569875,10.59045246
Camborne and Redruth,40.228,24.959,12.399,14.773,58.4128528,95.84133152,48.53808699,3.39356756,10.74775645,8.708272859
Cambridge,15.678,36.014,34.857,5.153,26.2252731,70.42879554,51.09900645,2.760105813,41.00992856,20.34251351
Cannock Chase,44.186,33.733,2.696,17.461,68.8603531,97.50774661,49.37924524,4.581177187,7.5999342,8.481254232
Canterbury,42.865,24.539,11.647,13.633,45.3274048,86.71211567,48.04904832,2.846021391,20.43752785,19.31094436
Carlisle,44.316,37.803,2.552,12.391,60.6437746,94.70103165,48.63862106,3.813565983,10.65670634,9.374382117
Carshalton and Wallington,31.699,15.017,34.871,14.805,56.261214,82.2569816,48.34770567,4.398793111,16.67685601,8.142926082
Castle Point,50.851,13.824,1.762,31.195,72.6993924,96.4243106,48.75186056,3.541918113,6.022531514,7.711536058
Central Devon,52.226,12.829,12.201,13.17,50.8869519,95.06556013,48.77875987,2.621734474,18.1202486,6.137687515
Central Suffolk and North Ipswich,56.05,18.808,6.127,13.79,54.8911912,94.5368171,49.15146308,2.92261989,14.43768047,6.526507303
Charnwood,54.312,21.915,6.898,15.939,57.8746718,92.33545827,48.79680838,2.837947411,15.38273511,7.445012032
Chatham and Aylesford,50.18,23.586,3.157,19.922,63.9053918,90.38044428,49.19768506,4.973902795,9.103692516,9.283416083
Cheadle,43.11,16.335,30.956,8.33,42.6530326,91.51752854,48.5415774,2.872319194,23.50343342,6.783999648
Chelmsford,51.53,17.619,11.881,14.219,50.6832006,90.89486265,49.32083776,3.718426929,18.03407295,8.485733799
Chelsea and Fulham,62.949,23.119,5.198,5.069,29.0990556,56.63169248,48.25775566,3.878182535,47.09166116,9.681447912
Cheltenham,46.134,7.262,34.008,7.087,42.8989761,88.54549096,48.87238121,3.413358627,25.69405262,11.18368982
Chesham and Amersham,59.052,12.729,9.029,13.689,44.984984,88.93614724,48.63064716,2.656704027,27.84918362,5.876828413
Chesterfield,18.064,47.905,13.828,16.51,59.2932532,96.06104152,49.02410776,4.620241195,10.70904963,7.944406314
Chichester,57.672,12.134,8.514,14.946,50.7327707,91.84950275,47.82704505,2.8388537,19.00793333,8.204150459
Chingford and Woodford Green,47.939,28.794,5.479,12.885,49.880471,80.22325835,48.32499518,4.493343774,19.86442302,8.587732135
Chippenham,47.564,8.232,29.379,10.62,51.5858182,93.1095333,48.78031058,3.229493728,17.28961692,7.072122571
Chipping Barnet,48.59,34.148,4.491,7.83,41.074578,70.79653131,48.31164656,4.305797493,29.20574035,7.724183509
Chorley,36.34,45.1,2.618,13.527,56.745851,96.27733536,49.26684364,3.415853537,15.47495593,7.780305903
Christchurch,58.115,9.546,6.564,21.452,59.9639612,94.46743863,47.78817168,2.656798226,11.25925719,5.948849227
Cities of London and Westminster,54.083,27.357,6.967,5.234,28.0536729,48.04454545,53.04909091,3.722864346,48.29980106,11.93545455
City of Chester,43.05,43.232,5.61,8.108,42.2757087,92.48561751,48.48862842,3.478435709,23.02065018,11.38233238
City of Durham,22.24,47.288,11.283,11.456,43.336734,92.94092715,49.58092715,3.262693515,19.5883579,17.44741722
Clacton,36.657,14.396,1.837,44.432,73.0439705,95.70168348,47.21119038,5.150883614,5.098757213,6.924870254
Cleethorpes,46.632,29.127,2.985,18.532,69.503821,96.60551537,48.81775346,4.62698587,8.680794668,7.732415886
Colchester,38.934,16.159,27.461,12.08,51.5144818,86.71300985,49.6464414,4.192817618,16.56585677,11.90221895
Colne Valley,44.447,34.979,5.998,10.095,50.0553492,92.39842126,49.14607009,4.018684566,18.617802,7.58692686
Congleton,53.288,20.384,9.069,13.579,52.6126911,96.66702914,49.13114398,3.090107232,18.0132955,6.571335363
Copeland,35.795,42.265,3.452,15.513,59.1965837,96.79321556,50.11064272,3.960560388,11.95460277,7.428514915
Corby,42.765,38.472,2.596,13.722,60.1468893,89.89545772,49.49272927,4.018947708,10.9915607,7.782087031
Coventry North East,23.09,52.154,4.752,14.866,57.7745682,75.60242872,49.35074336,6.64514565,11.90624303,10.39534526
Coventry North West,31.048,41.014,4,15.694,58.37436,83.83198509,49.28721548,4.895123871,14.38817169,11.13093822
Coventry South,34.976,42.271,4.071,13.064,50.3794929,77.30376881,50.54699414,4.657108482,18.77604763,19.34133381
Crawley,47.022,33.58,2.758,14.375,58.4136714,79.7386418,49.43666332,4.512075296,12.12196478,8.570597672
Crewe and Nantwich,44.984,37.728,2.754,14.534,60.2891232,93.06709176,49.29943787,3.968284222,13.2324881,9.465745635
Croydon Central,42.978,42.666,2.176,9.086,50.3102407,74.15544222,48.12954971,5.765239635,19.94213842,9.187045029
Croydon North,22.699,62.615,3.585,5.416,41.168066,59.21319573,48.61588898,6.596163456,20.90320104,9.477816001
Croydon South,54.747,24.439,6.003,10.564,45.8056749,80.155199820000007,48.7245736,3.97734884,23.21911682,7.883404807
Dagenham and Rainham,24.372,41.417,1.666,29.849,70.3479569,79.76197473,48.05759624,6.419676913,9.940750494,9.404447057
Darlington,35.194,42.87,4.779,13.106,58.0996502,94.46383058,48.75460801,5.638313945,11.33485206,8.277453865
Dartford,48.972,25.421,2.774,19.905,63.9834539,89.08333333,49.2994186,4.303553245,11.94022592,8.478682171
Daventry,58.171,18.072,4.478,15.796,58.5894934,94.37400107,49.73574853,2.924603462,16.23382594,6.954714971
Denton and Reddish,23.655,50.829,2.474,18.678,60.9840282,94.95526144,48.6555131,4.606674237,8.863248231,8.708873148
Derby North,36.657,36.565,8.564,14.598,54.2503796,89.21483608,49.56390858,4.451102653,16.93461689,13.41666417
Derby South,27.386,49.013,4.206,15.534,61.3534511,79.94980352,49.64047229,6.786494642,11.67753761,10.21425104
Derbyshire Dales,52.374,22.721,8.372,11.63,51.2354118,96.6964524,49.387973,2.618291604,20.8689036,6.121541062
Devizes,57.738,12.978,8.068,15.394,53.5341945,90.99126025,51.16564291,2.748052756,15.81645732,9.337510822
Dewsbury,39.073,41.779,3.588,12.398,57.1465485,90.06378223,49.39306936,4.367534534,13.03769042,9.393796224
Don Valley,25.27,46.182,3.5,23.45,68.4864372,96.30840125,49.6036378,5.004971826,8.294976614,8.527116046
Doncaster Central,20.747,49.085,4.248,24.114,66.7048397,88.57265364,49.66079085,6.115234604,8.947789841,9.077656027
Doncaster North,18.316,52.424,2.544,22.602,71.6506862,96.92816205,48.76226865,6.106561943,6.378180902,8.819278083
Dover,43.28,30.748,3.13,20.263,63.0096124,92.5414874,49.06781397,4.656921705,10.33864517,7.674656833
Dudley North,30.806,41.811,1.258,23.987,71.4302256,92.93260115,49.02115295,6.017696062,8.355372409,8.569528922
Dudley South,43.766,32.591,2.167,18.937,70.4173185,95.83542587,49.37977099,5.569798854,7.922309061,8.497388509
Dulwich and West Norwood,22.682,54.071,9.842,3.127,22.9374207,67.64487706,48.37437354,5.986195912,40.19095431,8.163413001
Ealing Central and Acton,42.693,43.231,6.103,3.784,29.1502806,53.44543163,49.75255194,4.560246406,40.13995301,8.988519415
Ealing North,29.724,55.133,3.247,8.085,46.2560922,53.4937292,49.41337715,5.410203594,21.89253528,8.764252747
"Ealing, Southall",21.668,64.973,3.578,4.083,41.8263491,47.60042078,50.97688765,5.771653975,24.00948625,10.34081276
Easington,12.933,61.033,2.409,18.747,65.9633748,97.80352547,48.89632592,5.367203878,7.028414623,9.110899008
East Devon,46.423,10.218,6.789,12.556,50.4076662,94.66133084,47.79258376,2.374089806,16.73417209,6.621184384
East Ham,12.069,77.573,1.637,5.014,46.2692813,44.45015416,52.66147008,6.718110006,22.94818407,13.14918381
East Hampshire,60.667,10.107,11.098,11.979,49.2743694,91.05917172,48.6503222,2.605368461,20.32919996,6.829201738
East Surrey,57.414,11.812,9.249,17.028,54.1993428,90.63326798,48.60764794,2.771734114,18.49819869,7.091192874
East Worthing and Shoreham,49.473,19.514,6.734,16.568,53.6814482,92.65600267,48.3181288,3.284220325,12.25407747,7.111763726
East Yorkshire,50.561,20.69,5.933,17.913,63.6621847,96.62970601,48.7930502,3.950536669,11.3276695,6.401864969
Eastbourne,39.568,7.831,38.182,11.603,57.5444606,88.50934002,47.78010706,3.943833459,12.65844102,8.488376446
Eastleigh,42.274,12.938,25.794,15.824,54.3458993,93.02930717,49.13504814,3.16734373,14.33030715,8.286190646
Eddisbury,51.037,23.638,9.058,12.202,52.1666686,96.74658134,48.8047832,3.326941515,17.86779714,6.956430348
Edmonton,24.116,61.416,2.17,8.143,45.5096172,57.03424089,47.95241792,6.997685244,14.57315183,10.04113904
Ellesmere Port and Neston,34.329,47.758,3.345,11.972,58.3419781,95.91545569,48.63599231,3.958525274,12.4961436,8.016062039
Elmet and Rothwell,48.407,33.718,4.568,11.125,56.793101,96.48173615,48.74376399,2.684360503,16.34601281,6.527609086
Eltham,36.379,42.619,3.031,15.017,51.8152651,79.58533406,48.80401965,5.129140079,19.23434745,10.08923896
Enfield North,41.368,43.722,2.295,8.958,49.2154426,72.76449982,47.74145343,6.105289147,17.49006967,8.844963271
"Enfield, Southgate",49.384,39.009,3.314,4.604,37.8848159,65.7086509,49.01698954,4.467955969,28.76071805,9.316514987
Epping Forest,54.768,16.134,6.987,18.337,61.0112858,89.64704893,48.30360523,3.849890521,16.56812389,7.707921417
Epsom and Ewell,58.291,15.515,8.753,12.455,47.7807571,85.51109917,48.44765204,2.679970535,23.42354162,7.377371709
Erewash,42.705,35.288,3.431,16.125,63.2237912,96.19564062,49.14832536,4.854005131,9.952372277,8.637958533
Erith and Thamesmead,27.416,49.767,2.281,17.289,54.6308785,69.35751832,49.05266407,6.614616106,16.25231866,9.755698995
Esher and Walton,62.912,12.688,9.429,9.743,41.5663302,82.55037864,48.432257,2.702244259,31.37225171,5.857491244
Exeter,33.098,46.396,4.297,9.395,44.8278936,88.4856318,48.64525746,3.153192067,19.40838071,18.15411612
Fareham,56.104,14.26,8.801,15.406,55.5201073,94.27408106,49.20003282,2.67952389,15.09469248,7.541229078
Faversham and Mid Kent,54.352,16.163,6.635,17.997,58.670455,93.65329081,48.70910737,3.454048156,14.21914239,7.278781087
Feltham and Heston,29.11,52.313,3.196,12.568,55.9320054,56.34963039,50.36881684,5.026933874,18.58563671,10.18891396
Filton and Bradley Stoke,46.679,26.643,7.293,14.788,48.7730339,89.74754725,50.02104672,2.895352236,17.6290779,10.30641871
Finchley and Golders Green,50.897,39.743,3.274,3.412,31.1007869,57.59899841,48.37407137,4.191452991,38.19018724,8.29878615
Folkestone and Hythe,47.851,14.432,8.875,22.77,61.6404102,90.95012612,49.17997964,4.48737581,11.15585031,7.951497986
Forest of Dean,46.832,24.645,5.311,17.754,57.8888968,96.12960878,49.11160885,3.384891633,12.49300425,7.560899184
Fylde,49.145,18.785,3.726,12.786,56.728643,95.06555656,48.66445296,3.03097008,16.46567042,6.642332202
Gainsborough,52.677,21.315,6.679,15.686,61.9558242,95.95830744,48.72054863,3.779721682,12.47296513,6.889521255
Garston and Halewood,13.664,69.083,4.653,9.15,47.9628137,94.93843209,48.05060544,6.209954954,13.66542621,8.98799349
Gateshead,14.498,56.784,6.812,17.827,56.223255,92.47349375,49.64235075,5.940116362,13.74127543,9.75916873
Gedling,36.087,42.308,3.971,14.438,56.2974291,94.03672203,48.74153005,4.272457696,13.98989097,7.804783158
Gillingham and Rainham,47.984,25.617,3.626,19.54,63.5820896,89.78043104,49.2907012,4.507337526,9.508822488,10.44318527
Gloucester,45.339,31.547,5.379,14.26,58.9001472,89.15171725,49.37765256,4.422013646,10.98366509,9.562573558
Gosport,55.311,14.531,6.919,19.44,61.8151926,94.07956649,49.01601878,3.927836091,10.19298514,8.019731331
Grantham and Stamford,52.83,16.873,6.07,17.505,60.9959141,92.4840264,48.31834162,3.487604615,13.08613765,7.027425736
Gravesham,46.838,30.144,2.216,18.56,65.377208,85.94081793,49.29119151,5.074394393,10.68005533,8.82618954
Great Grimsby,26.308,39.768,4.981,24.953,71.4466296,94.96957266,49.25603164,7.896011374,6.406988928,10.22177397
Great Yarmouth,42.927,29.088,2.316,23.095,71.5049473,93.46710939,49.09896481,6.062590768,5.501078397,8.45112411
Greenwich and Woolwich,26.625,52.196,5.662,8.323,35.6656796,64.18208616,50.0248606,6.373188492,32.48529644,11.10203502
Guildford,57.056,12.103,15.474,8.843,41.202344,82.95266311,49.50164226,2.728623874,29.6705313,12.9279582
Hackney North and Stoke Newington,14.731,62.856,4.995,2.175,20.4807893,61.97710019,49.48217689,6.61967996,36.24377734,10.26820582
Hackney South and Shoreditch,13.493,64.382,4.594,3.821,22.7822619,59.77722144,49.62531928,7.490074509,35.52502351,11.7901788
Halesowen and Rowley Regis,43.208,36.175,2.065,16.614,66.589868,94.31853319,48.90573644,5.184528708,9.541105474,8.411685887
Halifax,39.033,40.011,3.723,12.847,58.8216533,88.90992911,49.1389481,5.870442556,11.0489335,8.701730035
Haltemprice and Howden,54.175,20.959,6.266,13.908,55.2317096,96.10140196,49.09680408,2.802257802,16.84625173,7.688744789
Halton,17.784,62.839,2.437,14.066,57.6668684,97.38617822,48.86572978,5.5917481,8.702849248,9.160482131
Hammersmith,36.412,50.002,4.637,4.389,31.3136338,55.35200785,49.1593085,5.28812127,40.98747266,11.60729389
Hampstead and Kilburn,42.323,44.431,5.632,2.839,23.7253193,54.06149751,48.70258253,4.544109232,47.37713868,8.007600643
Harborough,52.743,15.328,13.411,14.368,52.3664029,88.93425523,48.83372077,2.941538798,17.02563978,8.886173531
Harlow,48.864,29.995,2.043,16.289,67.7323179,89.06394106,48.5183859,4.880769347,9.508864887,8.063973612
Harrogate and Knaresborough,52.745,10.134,22.074,10.643,47.1793551,90.44249709,48.33718199,2.77747358,21.69804507,6.829889277
Harrow East,50.343,40.635,2.116,4.761,47.4785845,53.07581847,49.00106977,4.578863333,23.55599356,9.477549368
Harrow West,42.223,46.96,3.362,4.392,45.0562432,53.34805357,50.15984256,4.688394856,28.9408435,9.158546537
Hartlepool,20.907,35.644,1.927,27.987,69.5683297,97.21932455,48.6275916,7.774983534,8.320310395,9.134176555
Harwich and North Essex,51.045,19.714,7.384,17.476,58.9955845,93.55270374,48.82417462,3.164234561,12.98139848,9.206975979
Hastings and Rye,44.546,35.129,3.169,13.325,55.9372394,91.82193658,48.69980738,5.103656143,11.20149624,8.453104164
Havant,51.662,15.948,6.534,20.61,62.617908,94.87891156,48.47020408,4.226149491,10.78354175,7.994557823
Hayes and Harlington,24.731,59.577,1.971,11.958,58.2450013,59.72051974,50.16298475,5.608081526,15.75943548,10.41468043
Hazel Grove,41.375,17.548,26.215,12.224,52.2085915,95.98474227,48.64410847,3.382971268,15.2881048,7.054172508
Hemel Hempstead,52.878,23.825,4.84,14.605,55.486562,88.54910985,49.15425296,4.155956638,16.07070809,8.221307174
Hemsworth,22.86,51.342,3.2,20.198,68.1255456,95.69350932,49.03594789,4.678074246,9.053427921,8.174436347
Hendon,49.019,41.515,2.192,5.229,41.5741753,55.85234845,48.65473931,4.808522568,26.53046379,10.21445014
Henley,58.462,12.523,11.234,10.875,43.0858202,90.8559277,49.16472416,2.245100824,26.39841622,6.247699669
Hereford and South Herefordshire,52.572,12.785,10.585,16.831,60.4175582,92.49682025,49.27378657,3.579861697,13.30866228,8.053994174
Hertford and Stortford,56.138,17.919,7.792,13.387,49.2372345,91.16492208,49.0239994,2.952400598,22.38597725,6.840906748
Hertsmere,59.284,22.429,5.544,12.743,50.8365256,82.98727395,48.27503474,3.705723595,20.56462219,7.960532235
Hexham,52.68,24.923,6.831,9.925,45.3367358,96.52788709,48.71714151,2.733836149,22.06185243,6.573010126
Heywood and Middleton,19.094,43.113,3.311,32.195,62.4256116,93.52416886,48.47633165,5.608558908,10.60432615,8.918705604
High Peak,44.962,35.327,4.704,11.441,50.5480277,96.41442591,49.260661,3.822582321,17.90206407,8.073317784
Hitchin and Harpenden,56.863,20.647,8.098,8.879,39.7935195,89.34311846,49.01663538,2.893927148,30.53231262,6.088929493
Holborn and St Pancras,21.877,52.92,6.473,4.989,26.6587436,59.71085652,49.41094941,4.774816603,39.91245768,16.60031554
Hornchurch and Upminster,48.973,20.101,2.717,25.304,69.4946937,91.02638897,47.99311592,4.356998966,10.47712037,8.42035665
Hornsey and Wood Green,9.253,50.908,31.771,2.2,24.98291,63.25533658,49.11408317,4.984903568,44.64482419,8.147093222
Horsham,57.316,11.417,11.677,13.999,49.4864101,91.19218455,49.10889943,2.708606964,19.07501952,6.609960267
Houghton and Sunderland South,18.46,55.127,2.055,21.513,62.4341858,98.01843636,48.16096182,5.33511689,8.038342938,8.427392474
Hove,39.924,42.291,3.564,6.253,32.9468448,83.95637224,49.29375558,3.763828764,28.6672803,7.790241897
Huddersfield,26.782,44.928,5.843,14.694,51.8508416,83.42637676,49.70722801,5.620755307,15.23138494,12.67734218
Huntingdon,53.019,18.326,7.823,16.938,53.4889703,88.90595044,50.00177519,3.309119289,16.52672425,8.195164383
Hyndburn,31.888,42.148,2.003,21.344,65.8191278,92.65898329,49.43780137,4.549059512,9.408078469,8.645966225
Ilford North,42.659,43.863,2.309,8.9,53.3092042,69.19747731,48.78008363,4.943343354,21.25487169,8.665646414
Ilford South,25.919,64.016,1.953,5.211,43.3097999,53.36665776,50.46895868,6.33174085,24.58379917,10.43003778
Ipswich,44.757,37.091,2.875,11.712,56.5157235,87.08842876,49.94816656,5.535198896,12.89044263,10.04651248
Isle of Wight,40.67,12.78,7.447,21.178,61.9463341,94.79477814,48.76432937,4.397124726,10.76659544,7.053122627
Islington North,17.193,60.241,8.092,4.003,21.6111236,65.383834770000007,48.71314113,5.652561737,43.25415344,10.4466072
Islington South and Finsbury,22.225,50.931,10.908,7.624,28.2831001,63.74980517,49.68243454,5.202256632,42.76156551,14.65963996
Jarrow,17.073,55.658,3.21,19.663,61.7773494,97.59548403,48.12515013,5.727045198,10.07235255,8.34134038
Keighley,44.309,38.094,2.689,11.526,53.3250953,90.43746783,48.6618631,4.412579056,15.89220779,7.588265569
Kenilworth and Southam,58.359,15.314,10.069,11.205,46.2056819,93.12808032,48.99178582,2.220742467,24.38220758,7.749315485
Kensington,52.254,31.119,5.633,4.471,31.2045861,47.68234521,49.46463156,4.54711155,46.26841476,9.5188936
Kettering,51.817,25.154,3.156,16.096,60.9883689,91.52286708,49.09975929,4.016489988,12.31937334,7.512169029
Kingston and Surbiton,39.237,14.47,34.454,7.292,40.8444531,72.81063033,48.95933967,3.319930816,29.29196763,11.67946306
Kingston upon Hull East,15.915,51.73,6.527,22.368,72.831563,96.14627408,49.482798,7.931981726,5.538552804,9.839346509
Kingston upon Hull North,15.016,52.81,8.985,16.306,59.7896657,89.23776275,49.91720545,7.441417733,12.35261823,16.59055193
Kingston upon Hull West and Hessle,17.486,49.197,9.964,19.85,67.9906801,89.72665848,50.58235683,8.036619361,8.599959827,9.933141183
Kingswood,48.316,29.602,3.796,14.822,57.1216387,95.51783461,49.19944948,3.026272032,11.20282348,7.921780021
Knowsley,6.637,78.119,2.937,9.803,52.3421607,98.00115485,47.20431142,6.85345456,6.994977043,9.641035512
Lancaster and Fleetwood,39.24,42.271,3.33,9.727,51.9890842,91.83612233,48.75476053,3.216542217,17.66915753,18.66358915
Leeds Central,17.295,54.959,3.394,15.721,45.960968,78.66748948,50.37440641,6.74779399,17.35688518,23.4133823
Leeds East,20.937,53.749,3.393,18.997,61.4443481,85.60691867,48.41588246,7.064601436,9.288730554,9.159618499
Leeds North East,32.898,47.912,5.32,7.674,37.4228476,81.88782191,48.12418158,4.603050685,30.82750425,8.052160629
Leeds North West,18.643,30.078,36.783,6.912,35.4060965,91.35637512,48.756666,3.132450629,24.56528569,25.58323775
Leeds West,20.116,48.034,3.891,18.489,53.2661381,90.21614982,49.56899338,5.972476539,15.90606942,12.77180355
Leicester East,22.955,61.134,2.565,8.925,54.0619991,56.72502764,49.08311832,6.266241284,12.8024122,9.597309252
Leicester South,20.957,59.799,4.63,8.341,42.4353547,66.17988549,49.67431489,5.802526907,19.52712071,19.76074509
Leicester West,25.63,46.495,4.365,17.235,50.8359919,76.93076682,49.36098479,6.559723857,13.67979317,12.99690293
Leigh,22.64,53.879,2.549,19.731,63.2878009,96.07367205,49.56940493,4.737219147,9.822961051,8.369175801
Lewes,38.002,9.893,35.859,10.738,47.1421738,92.9131894,48.37400218,3.200475334,19.03714832,6.515330189
Lewisham East,22.305,55.697,5.72,9.053,35.3705046,70.0046964,48.21439054,6.144159206,25.64147474,8.562119641
Lewisham West and Penge,24.172,50.591,7.707,7.821,34.5920578,72.30666176,48.65415641,5.91745337,28.56562713,7.92127782
"Lewisham, Deptford",14.878,60.245,5.265,4.245,24.4262123,61.04124013,49.59451195,6.305400713,34.3085223,12.18059507
Leyton and Wanstead,21.962,58.61,5.661,5.751,34.755182,56.91715539,50.40265686,5.879895165,27.86201124,10.85109855
Lichfield,55.16,19.819,5.246,15.703,57.5089022,96.39189117,49.20148411,3.308198579,16.6187088,6.634403398
Lincoln,42.636,39.556,4.252,12.211,57.4326337,90.73579476,49.02571144,4.656859713,12.33534825,15.86134256
"Liverpool, Riverside",9.59,67.404,3.884,5.671,27.300662,82.34597981,51.44361295,5.697812624,24.0132876,27.34075879
"Liverpool, Walton",4.692,81.301,2.341,8.971,52.1680356,95.08903304,49.60163699,8.030026966,7.161484453,10.26274544
"Liverpool, Wavertree",10.001,69.315,5.989,8.237,35.2616254,87.12363799,49.53060622,6.64810003,18.56395763,13.81296379
"Liverpool, West Derby",6.605,75.168,2.337,8.469,49.8207198,94.21562455,47.75616599,7.277991693,9.314955203,9.381799706
Loughborough,49.523,31.87,4.095,10.965,50.0904207,87.89336237,50.6811055,3.166188735,18.93103282,17.87511217
Louth and Horncastle,51.166,18.033,4.48,21.412,68.89943,96.67647211,48.7629664,3.584315273,8.648622311,6.687309697
Ludlow,54.289,12.28,13.459,14.905,57.8840184,96.47878195,49.33594164,2.825303917,15.85661956,6.453209517
Luton North,29.924,52.249,3.051,12.492,59.1531961,72.91580341,48.98076748,5.45404489,13.01410769,8.619766137
Luton South,30.673,44.201,7.54,12.149,54.5971778,66.90597205,51.17534943,5.809123486,15.41660858,12.57578508
Macclesfield,52.548,22.686,7.746,12.172,47.1837972,94.84603508,48.81631428,2.983854486,21.644052,6.594973624
Maidenhead,65.83,11.873,9.91,8.428,45.0257011,84.60351774,49.13923553,3.170930866,27.46158364,6.302446694
Maidstone and The Weald,45.481,10.534,24.067,15.857,55.9171965,89.02126979,49.34231569,3.329964214,15.40394708,7.910203103
Makerfield,19.541,51.817,3.659,22.446,64.910088,97.48375797,49.6680312,4.196538095,9.032954346,8.177022871
Maldon,60.593,11.843,4.49,14.657,60.9560321,95.73972094,49.38455128,3.08387591,12.13997419,7.056544703
Manchester Central,13.529,61.265,4.119,11.103,36.3565763,69.70057919,51.41670265,5.623642786,24.75189987,24.41895091
"Manchester, Gorton",9.669,67.082,4.241,8.172,38.212184,67.42117664,50.6376014,5.920863309,20.854334390000002,20.32590514
"Manchester, Withington",9.751,53.723,23.956,4.347,24.9385986,82.21182921,49.41640124,4.068402246,38.66969064,18.03209289
Mansfield,28.157,39.419,3.479,25.11,70.8629135,94.43168112,49.11454445,4.597239323,6.757326093,8.665977447
Meon Valley,61.059,10.936,9.643,14.821,51.9275309,94.34695036,48.77980927,2.565631546,17.33817925,6.958369963
Meriden,54.733,19.003,5.015,16.934,58.8084347,94.30820438,48.70430292,5.05308942,15.50188836,8.276699704
Mid Bedfordshire,56.052,15.875,7.222,15.443,52.8804536,92.14949911,49.87365288,2.750370844,18.28011782,7.335124499
Mid Derbyshire,52.186,25.423,4.802,13.612,52.4707075,95.94096818,48.71075834,2.876719065,17.87834578,6.806245396
Mid Dorset and North Poole,50.838,5.951,28.192,12.179,57.0831648,94.90426151,48.35567438,2.519489907,13.70407597,7.025361108
Mid Norfolk,52.107,18.358,6.32,19.019,60.5981283,94.27083333,49.42207532,3.199227821,10.41884944,7.163461538
Mid Sussex,56.126,13.884,11.487,11.998,46.4405928,89.75713975,48.88023369,2.490220274,19.52470748,6.665658294
Mid Worcestershire,56.99,14.453,7.18,17.675,59.3865282,94.01931099,49.12232409,3.242155259,14.80380347,6.896478709
Middlesbrough,16.474,56.821,3.73,18.672,66.0836466,89.40712726,49.47317957,8.373503685,9.700360962,13.31167102
Middlesbrough South and East Cleveland,37.054,42.019,3.424,15.183,65.2655299,97.29817077,48.40561912,5.887988209,11.32279743,8.022536789
Milton Keynes North,47.223,30.318,6.197,11.877,49.6650905,80.5284159,49.83004647,4.796678281,19.11870485,7.915565116
Milton Keynes South,46.822,32.111,3.917,13.237,53.081404,82.34965321,49.14385584,4.730644879,17.10631577,7.545877518
Mitcham and Morden,23.167,60.653,3.053,9.497,44.6865238,59.72042053,49.4307731,5.180209613,19.4070871,9.501636043
Mole Valley,60.635,8.279,14.474,11.21,47.3113276,89.94349331,48.82619722,2.448155408,25.32666434,6.01475277
Morecambe and Lunesdale,45.537,34.922,3.728,12.391,58.1856206,95.00587343,48.10054401,3.848657574,12.0070638,7.387977145
Morley and Outwood,38.914,38.039,2.955,16.479,59.8172774,95.69295182,48.852248350000004,3.629827045,13.14400539,7.402609516
New Forest East,56.26,12.171,9.355,17.508,60.1781451,94.43505945,48.83048535,2.882699309,13.24773434,7.267234098
New Forest West,59.945,10.827,6.946,16.486,55.2576565,93.45308859,47.18602882,2.349496167,14.69403791,5.937039327
Newark,57.042,21.72,4.56,12.034,55.7006959,94.25391916,49.83575407,3.298935119,15.55850737,7.182348363
Newbury,61.035,8.442,15.017,10.812,47.8055628,90.85039678,49.72137202,3.014200289,20.64281213,6.920579397
Newcastle upon Tyne Central,18.891,55.012,6.322,14.861,48.0030798,78.43275378,50.74765457,6.010163717,20.00746697,15.13666976
Newcastle upon Tyne East,17.551,49.406,11.045,12.518,41.0712554,87.77055937,50.92950026,4.666383778,22.51346024,28.75644687
Newcastle upon Tyne North,23.47,46.087,9.726,16.589,56.8289241,93.74883107,48.40310248,4.34458977,17.31668423,8.419605039
Newcastle-under-Lyme,36.91,38.421,4.247,16.866,61.6449863,93.98617123,49.35971668,3.785784425,12.99269085,12.50435662
Newton Abbot,47.239,9.815,23.957,13.939,56.0133703,95.54953967,48.42296876,3.037671011,12.73261645,7.255627254
"Normanton, Pontefract and Castleford",20.849,54.934,2.898,21.319,69.2552829,96.30486497,48.97709781,5.078129934,6.851260206,8.813843929
North Cornwall,44.956,5.433,31.232,12.687,60.1925003,95.45579133,48.40227496,3.179738046,11.49259473,6.901395583
North Devon,42.701,7.07,29.444,14.753,57.0384794,95.53097676,48.63826107,3.039684773,11.47483781,7.356913321
North Dorset,56.621,8.963,11.662,17.063,56.6086028,93.81619726,49.59042481,2.473105706,14.3940456,6.945560414
North Durham,20.931,54.917,5.096,15.952,60.304872,97.83617048,48.6712015,4.752484429,10.1851205,8.016527974
North East Bedfordshire,59.468,15.76,5.826,14.622,53.4376055,92.72167919,49.11406207,3.07879306,17.33279848,6.581253164
North East Cambridgeshire,55.087,14.438,4.469,22.499,69.3543227,91.49551506,49.19199829,4.154124758,6.907085829,7.71339076
North East Derbyshire,36.717,40.644,4.18,15.915,62.0516723,97.61313162,49.05228902,3.757075156,10.9518031,7.307929109
North East Hampshire,65.876,9.796,10.476,8.763,46.1789136,90.96358584,49.59568733,2.298289211,24.4830104,6.223397059
North East Hertfordshire,55.366,18.875,7.558,12.867,51.4300732,91.78263334,49.1268392,3.181062396,19.60917321,6.709275235
North East Somerset,49.773,24.829,7.883,12.033,51.6345075,95.27060362,48.80503,2.652829525,16.76006759,7.441743061
North Herefordshire,55.632,11.407,12.011,13.993,58.0189343,94.26295284,49.1527592,2.899155617,16.53139207,6.376693609
North Norfolk,30.874,10.206,39.056,16.854,58.4002867,95.9702286,48.44468073,3.369164925,10.31108052,6.246086597
North Shropshire,51.435,20.062,5.988,17.617,59.8481186,95.19986957,49.58376491,3.615883072,12.85517177,8.251812637
North Somerset,53.51,14.321,12.701,13.011,47.5836991,94.93884694,48.78813163,2.256949364,19.69657467,5.982010216
North Swindon,50.333,27.773,3.262,15.334,57.2856138,90.71429237,49.61942294,3.907864194,10.78596688,7.8770601
North Thanet,48.977,17.876,3.496,25.709,65.1825616,93.87733276,47.96641891,4.693377191,9.232452671,7.501203144
North Tyneside,19.217,55.942,4.432,16.272,59.5207188,96.0947453,48.42417828,5.583262057,11.64511486,8.137825601
North Warwickshire,42.303,36.028,2.064,17.426,67.76303,95.50725282,49.14587822,4.043863602,9.437571219,7.600462048
North West Cambridgeshire,52.488,17.884,5.694,20.09,56.934097,89.40037262,49.51183822,3.688283379,13.88126665,7.944922878
North West Durham,23.397,46.882,9.094,16.967,55.0462004,97.2915468,48.98338019,4.201348183,11.98768875,7.36981513
North West Hampshire,58.07,13.302,9.332,14.692,54.7548756,91.94145723,49.23454736,2.852333048,15.68507032,7.015823976
North West Leicestershire,49.478,27.415,3.944,16.885,60.6984777,96.09705996,49.57311593,3.443899877,13.14667968,7.170368468
North West Norfolk,52.199,22.754,3.532,17.758,65.7782861,91.65300029,48.47252008,3.830448872,8.915978239,7.474454396
North Wiltshire,57.239,9.752,15.61,11.498,50.3021498,93.15538694,49.4557731,2.688012957,18.77312698,6.702346273
Northampton North,42.371,34.138,3.555,16.122,60.2712901,84.76308706,48.60427882,4.711800927,12.65098446,10.67268424
Northampton South,41.567,31.813,4.303,18.295,58.9952188,80.7445388,49.64161726,5.184823365,13.56842161,10.22058431
Norwich North,43.705,33.467,4.345,13.732,56.7266216,92.68248008,49.35433648,4.177361798,10.66854756,8.487498855
Norwich South,23.48,39.273,13.633,9.366,40.5303001,86.47977656,48.92934726,4.538391904,22.56464624,17.03630909
Nottingham East,20.773,54.554,4.189,9.943,42.8793221,75.26837325,51.45314294,6.725847211,19.59373626,19.24231133
Nottingham North,21.003,54.56,2.397,18.51,63.808056,88.76627721,47.79041639,8.356126315,7.051041219,9.883164342
Nottingham South,31.66,47.618,3.525,11.273,46.4677648,77.79334084,51.50183553,4.474334974,19.50207026,28.35223788
Nuneaton,45.524,34.853,1.784,14.387,64.5059931,93.34145752,49.17879806,4.768997051,9.756463811,8.521616933
Old Bexley and Sidcup,52.798,18.993,3.517,18.242,62.4304876,90.08564664,47.98533098,3.390213583,12.65862447,8.99753969
Oldham East and Saddleworth,25.913,39.406,12.854,19.237,59.9204345,90.04931054,48.80365351,5.155998846,11.80143025,8.753850848
Oldham West and Royton,18.979,54.779,3.684,20.613,61.3082972,84.81815701,49.28860996,5.947758805,8.6135151,9.456614953
Orpington,57.416,15.592,6.791,16.669,57.5414984,90.00079001,48.08423714,3.42006374,16.31323884,7.077318948
Oxford East,19.878,50.023,10.758,6.808,32.5263375,72.34745868,49.55304254,3.473664138,31.84811434,21.66024605
Oxford West and Abingdon,45.684,12.706,28.946,6.923,38.029241,81.9540501,49.54569043,2.411937564,34.25914275,9.683445771
Pendle,47.197,34.928,3.345,12.183,63.1542958,89.14837008,49.20180656,4.674115456,10.41643235,8.805840004
Penistone and Stocksbridge,27.677,42.026,6.311,22.918,60.6512766,97.37563202,48.9721512,3.226356325,13.03890641,6.733470151
Penrith and The Border,59.657,14.362,8.527,12.188,55.2024096,96.76355642,49.41011236,2.284718766,14.98185968,6.702491451
Peterborough,39.69,35.601,3.768,15.9,61.3095947,75.35914187,49.50612577,5.455711675,9.470023186,9.495381843
"Plymouth, Moor View",37.6,35.192,2.969,21.481,66.44024,95.34022376,48.18962503,4.49167563,6.87677131,8.667293069
"Plymouth, Sutton and Devonport",37.779,36.689,4.187,14.034,54.4052353,89.23220719,51.07941088,4.852586237,15.99644262,19.46024919
Poole,50.102,12.875,11.757,16.787,57.4193151,91.18456143,48.92379412,3.376748673,14.72157597,7.453644401
Poplar and Limehouse,25.394,58.549,4.21,6.128,34.207637,54.61726669,51.92123966,6.886974151,37.41998822,12.97992155
Portsmouth North,47.021,23.807,6.23,19.079,63.6934145,92.39004362,49.08698999,4.111015982,10.23777386,8.789325122
Portsmouth South,34.807,19.531,22.299,13.352,51.7630344,83.6385428,51.4517193,4.370702541,18.22011352,21.58485938
Preston,19.983,56.037,3.717,15.355,55.6726597,83.77927833,50.67419287,5.457330785,12.97810984,17.12175564
Pudsey,46.413,37.575,3.782,9.207,48.5843639,94.5799336,48.17399133,3.043565056,21.9947014,7.410950425
Putney,53.764,29.986,6.346,4.646,27.7642331,62.87314232,47.43779177,3.53506244,44.21433183,9.91798364
Rayleigh and Wickford,54.656,12.599,3.048,22.281,67.6526737,96.06479579,48.97588134,2.928243195,9.06513804,6.997288191
Reading East,45.98,33.067,7.365,7.223,38.2533265,75.64939243,50.50278508,3.818905688,29.64778463,14.47506296
Reading West,47.686,33.948,4.865,9.97,51.5101462,82.14176611,49.28111789,4.515151925,18.29949144,7.990973324
Redcar,16.203,43.857,18.471,18.368,67.6748838,97.76979907,48.35094018,7.000172883,7.65782225,9.046238118
Redditch,47.102,31.106,3.059,16.175,60.9899582,92.31352521,49.69278633,4.434007563,11.1275554,8.199426832
Reigate,56.77,12.81,10.456,13.276,47.9769787,87.46442137,48.83421102,2.936441854,23.57203116,6.804320014
Ribble Valley,48.627,22.583,5.275,15.792,58.7308918,96.40148975,48.99875166,2.371686407,16.59278344,7.386850169
Richmond (Yorks),51.379,13.193,6.417,15.174,54.7104369,93.8062087,51.03773497,2.852782787,16.12881455,9.364311609
Richmond Park,58.212,12.345,19.27,4.169,28.6856313,70.13248207,48.54851685,3.054379149,46.22758857,7.312188693
Rochdale,17.042,46.139,10.273,18.752,57.4500359,84.35230277,49.42071332,6.234446457,10.28246683,9.479152173
Rochester and Strood,44.067,19.796,2.382,30.484,63.688123,90.7153917,49.90168232,4.537007369,11.05212868,10.19749029
Rochford and Southend East,46.416,24.686,3.346,20.519,60.9203445,89.61062318,48.943377,5.745455552,9.894572142,8.660811526
Romford,50.972,20.879,2.873,22.791,69.2856492,88.69272322,48.19071058,4.334904986,11.23960783,8.947379398
Romsey and Southampton North,54.31,11.879,17.714,11.387,46.0755865,87.05235721,49.56029012,2.416478196,22.05013746,13.106301
Rossendale and Darwen,46.604,35.071,1.644,13.997,58.9357362,95.93634997,49.2924895,4.131942013,13.46220583,7.992536153
Rother Valley,23.278,43.602,4.237,28.082,66.7219886,97.13871977,48.96943176,4.350016554,9.899565865,7.705479452
Rotherham,12.31,52.508,2.89,30.177,68.3459631,90.38317892,49.40967925,6.380138405,6.954516873,9.244456336
Rugby,49.055,27.946,5.665,13.988,58.6175818,88.22981077,49.86587122,3.665412199,15.10899235,7.406601829
"Ruislip, Northwood and Pinner",59.586,20.103,4.953,10.929,49.5438455,75.42148619,48.19667933,3.247878438,27.25001308,6.915574715
Runnymede and Weybridge,59.74,15.518,6.717,13.888,49.8469717,81.90712631,48.65850202,2.681564246,23.14264266,10.69190996
Rushcliffe,51.399,26.331,5.045,10.773,41.4661238,93.09836463,48.89904489,2.758169935,27.94119548,8.166338469
Rutland and Melton,55.643,15.353,8.071,15.893,53.8778694,94.17394923,49.66212869,2.617280588,17.38204951,6.873352754
Saffron Walden,57.2,11.798,10.561,13.785,51.2395335,92.94814582,49.22763071,2.737025304,19.06406345,6.887082062
Salford and Eccles,20.395,49.384,3.731,18.044,53.5934575,86.2353288,51.03550568,5.011655012,17.36655274,13.91115288
Salisbury,55.6,15.326,10.056,12.133,49.9081401,91.71566592,48.09722617,2.677711718,18.38097281,7.072285733
Scarborough and Whitby,43.179,30.191,4.523,17.097,61.31829,94.82746229,48.38756045,4.326247118,11.67243113,8.42616454
Scunthorpe,33.185,41.669,2.084,17.133,68.6755472,90.63387794,49.43012745,5.49315876,7.860298641,8.873168267
Sedgefield,29.528,47.203,3.539,16.598,59.4357506,97.40309156,48.67657551,4.321426264,10.13987031,7.663495838
Sefton Central,29.606,53.771,4.255,9.953,44.0885873,97.0433145,47.93903013,3.247026799,16.39189039,7.303436911
Selby and Ainsty,52.505,26.831,3.636,13.993,57.6526008,95.42792348,49.09650774,3.320097998,15.66718555,7.337168537
Sevenoaks,56.921,12.864,7.855,17.896,54.0405142,91.39578941,48.57381383,2.822985885,21.00365304,6.631631899
Sheffield Central,11.131,55.029,9.685,7.462,31.9119726,77.48690191,51.46941466,4.216646203,27.48247839,32.68363346
Sheffield South East,17.373,51.431,5.34,21.898,66.3178181,91.38164834,49.08306249,5.083298376,8.418860828,8.134053682
"Sheffield, Brightside and Hillsborough",11.003,56.583,4.499,22.111,59.9736792,85.29947078,48.87762626,7.236463423,9.41320443,9.279534063
"Sheffield, Hallam",13.597,35.8,40.041,6.444,34.0060651,92.56793053,48.57424236,2.331484867,31.73812656,13.67115806
"Sheffield, Heeley",16.153,48.204,11.287,17.397,57.1613101,92.7064387,48.50961847,5.654283481,13.95779682,9.005413733
Sherwood,45.037,35.871,2.158,14.594,63.6577392,97.05763719,48.94172593,4.008496741,10.18309017,7.670098716
Shipley,49.996,30.954,3.856,8.862,52.2113445,94.12141716,48.80957384,3.644342134,19.6633118,7.001765151
Shrewsbury and Atcham,45.521,27.842,7.889,14.441,52.9205779,94.40233635,49.37098318,3.395111254,16.23291585,7.832431482
Sittingbourne and Sheppey,49.465,19.59,3.165,24.823,65.3644888,94.35363767,49.67115305,4.833536958,7.561581501,8.382590999
Skipton and Ripon,55.441,17.389,7.436,14.023,53.1871441,94.34146636,48.92007334,2.367399201,18.49278265,6.491648701
Sleaford and North Hykeham,56.188,17.258,5.65,15.685,61.5831667,94.98901455,48.67994525,2.874053206,12.49835936,6.343646449
Slough,33.32,48.516,2.641,12.996,54.056915,60.74242063,49.9455419,5.402103197,17.90679623,9.068393411
Solihull,49.209,10.393,25.656,11.612,53.3483085,90.64229839,48.39349505,3.353754096,18.73810407,7.2902435820000004
Somerton and Frome,52.994,7.327,19.387,10.677,50.3281438,94.19759186,48.69566902,2.719431624,16.34388733,6.581228871
South Basildon and East Thurrock,43.401,25.208,2.974,26.533,72.9955717,93.53983032,48.86051648,4.781882726,7.155352044,8.779390211
South Cambridgeshire,51.111,17.647,15.223,9.766,38.4889637,88.08454834,49.29011812,2.211843497,30.09727472,7.21356562
South Derbyshire,49.379,26.782,3.717,17.726,60.351001,96.12095845,49.63799135,3.05975522,14.37886971,7.328957521
South Dorset,48.884,24.203,5.97,15.03,59.4456091,94.45537451,49.7048881,3.541548814,11.27584861,7.994652116
South East Cambridgeshire,48.474,15.146,20.179,11.08,45.3048188,88.82635325,49.65455353,2.567454131,23.14453442,7.00563692
South East Cornwall,50.529,9.291,16.874,15.244,55.0987058,95.98619688,48.62082274,3.041643566,13.4153821,6.513349074
South Holland and The Deepings,59.55,12.441,2.979,21.818,71.0714432,91.10194519,48.74586549,3.883928571,7.417289221,7.027681525
South Leicestershire,53.221,22.023,7.393,17.363,58.1420532,94.46890999,49.55017645,2.780979241,14.55743671,7.623639346
South Norfolk,54.26,18.385,8.209,13.737,50.8843534,95.15953276,48.78249977,2.722054976,14.98546602,6.375199861
South Northamptonshire,60.148,16.744,5.936,13.48,53.3380205,92.54987933,49.36165509,2.497117736,18.96746275,6.391739283
South Ribble,46.425,35.074,4.415,14.086,56.6389437,96.29150363,49.95737951,2.861418654,15.07319447,7.716876688
South Shields,16.603,51.259,1.762,21.991,62.0525327,95.80042287,48.49199213,6.924805075,8.947260113,9.298369261
South Staffordshire,59.434,18.362,2.919,16.668,65.2428172,97.20356628,49.23282259,3.40253005,12.33591448,8.124499493
South Suffolk,53.068,19.267,7.791,15.214,54.0262007,95.01591246,48.97658907,2.957009629,13.75413781,6.375882815
South Swindon,46.236,34.492,3.688,12.017,51.6530941,83.3292411,50.44048753,4.564315353,14.2225891,8.931535372
South Thanet,38.133,23.765,1.887,32.441,61.691047,90.96583851,48.3426501,5.351155879,11.77552663,7.958592133
South West Bedfordshire,54.99,20.269,5.157,15.478,58.0834155,90.99979418,49.27620037,4.215937613,13.61022598,7.885838618
South West Devon,56.579,16.658,7.478,14.504,55.0762028,95.87053194,48.33323952,2.380804376,14.48044387,6.871939206
South West Hertfordshire,56.94,16.318,10.254,11.53,46.1954801,87.76172977,48.80209669,2.925574452,26.30746922,6.620516765
South West Norfolk,50.918,17.26,4.424,23.257,66.6739569,90.2933426,49.40105599,3.563899341,8.095238095,7.82633037
South West Surrey,59.873,9.48,6.278,9.879,40.7497131,89.16890496,48.87858895,2.484600154,28.03501497,6.479263835
South West Wiltshire,52.665,13.454,10.615,17.485,56.8813673,91.74602524,48.49363936,3.345173393,13.05597407,7.262718727
"Southampton, Itchen",41.727,36.547,3.567,13.442,60.2947342,87.89557193,49.95862982,4.406393285,12.88000949,14.50584536
"Southampton, Test",32.546,41.274,4.859,12.751,49.4121812,79.00051909,50.67623048,4.378259846,19.33074808,16.37959511
Southend West,49.821,18.32,9.277,17.531,55.074581,91.84892669,48.89181405,3.880147935,12.77823806,6.831375726
Southport,27.959,19.201,30.956,16.845,46.2928366,93.23419745,47.75008022,3.9481667,14.28438414,7.293568338
Spelthorne,49.687,18.57,6.445,20.852,60.299599,85.91079311,49.21964895,3.256765261,15.88059778,7.492834578
St Albans,46.648,23.258,18.511,7.846,37.832281,84.97486254,49.39127408,2.9420117,33.16531607,6.772267901
St Austell and Newquay,40.21,10.226,23.981,16.884,64.0636337,95.89602731,48.61854462,3.788386376,9.52655535,7.442489851
St Helens North,19.645,57.026,4.423,15.096,58.3928578,97.53206656,49.12865994,4.938980015,10.29863243,8.368387244
St Helens South and Whiston,15.925,59.818,5.655,13.98,56.0537411,96.9848098,48.96728494,5.400480523,9.985870201,8.694874673
St Ives,38.274,9.335,33.164,11.84,54.7660454,95.46357577,48.47825831,3.082456933,14.01661894,6.731164847
Stafford,48.406,29.588,2.764,12.904,57.4625083,93.10272427,50.56322503,3.422453883,15.52888697,9.443073854
Staffordshire Moorlands,51.119,27.229,4.13,14.643,64.6904325,97.67423861,49.17895334,2.831963216,12.37762886,6.942455787
Stalybridge and Hyde,28.662,44.955,3.061,18.814,59.2907293,94.45062132,49.13996076,4.899071428,10.54907988,8.441247002
Stevenage,44.543,34.176,3.31,14.36,57.0369086,88.7230338,49.33221505,4.582675323,13.79612656,8.76507559
Stockport,24.49,49.865,7.652,13.13,46.7893218,92.08133887,49.40313077,5.238194768,18.33737596,8.439672104
Stockton North,27.973,49.117,2.234,19.158,66.3249694,96.08618648,49.1399824,6.89295506,9.277821999,9.611769691
Stockton South,46.761,37.02,2.637,10.58,57.7643917,94.73874489,49.06454302,4.6898371,14.99129137,9.139660765
Stoke-on-Trent Central,22.545,39.313,4.169,22.652,64.8466478,88.41451675,50.85435117,5.662101921,10.18015106,13.72497112
Stoke-on-Trent North,27.405,39.916,2.941,24.686,72.1235856,92.99177997,49.27880887,5.288872429,6.818299503,8.81662617
Stoke-on-Trent South,32.68,39.172,3.347,21.219,71.1074062,94.76094216,49.27685143,4.676764284,7.843681094,8.699002669
Stone,54.715,20.163,5.258,16.202,57.5352222,96.80827072,49.19108832,2.51142282,16.70031277,6.650524042
Stourbridge,46.047,31.504,3.341,16.889,63.6639833,95.19128232,49.28352439,4.816999741,11.66069033,7.679063361
Stratford-on-Avon,57.665,12.975,12.013,13.211,51.0016676,93.29302746,48.45745282,2.441871323,20.02790118,6.273025201
Streatham,25.114,53.019,8.994,3.208,20.5396741,61.08600038,49.15772821,5.65894162,39.42824825,9.676129548
Stretford and Urmston,27.845,53.035,2.936,10.926,48.9054855,86.82720838,48.88555833,4.66971509,16.0625535,8.344388298
Stroud,45.731,37.73,3.43,7.971,45.8621591,94.55598301,49.29370041,2.850868163,18.92348569,6.863629078
Suffolk Coastal,51.903,18.011,8.593,15.568,55.2125757,94.12394998,48.62575434,2.859576885,14.53052266,6.425950448
Sunderland Central,23.418,50.187,2.646,19.149,59.9381653,92.57446063,49.3026981,6.158580449,12.34897241,12.22105421
Surrey Heath,59.859,11.207,9.07,14.29,51.851554,87.54733773,49.65538135,2.79601422,20.09011863,6.881011891
Sutton and Cheam,41.543,11.113,33.686,10.702,51.2838788,78.01927782,48.88741247,3.43025014,21.55468303,7.186999072
Sutton Coldfield,54.631,22.348,5.166,14.726,51.6743769,92.58519352,48.44543514,3.23172432,21.34403623,6.853333614
Tamworth,50.04,26.082,3.025,18.5,65.9923587,96.09058678,49.42517884,4.22345831,9.601849207,8.776512052
Tatton,58.616,18.347,8.499,10.753,45.6315582,93.79500991,48.75366308,2.921411084,24.76883192,6.080415722
Taunton Deane,48.109,9.237,21.348,11.956,52.9247106,92.91840235,48.35416156,2.816740791,14.93413532,7.941953225
Telford,39.597,37.8,2.281,18.034,66.191034,93.61104041,49.56008809,5.502489508,9.092566876,8.955389059
Tewkesbury,54.524,14.824,13.785,12.879,53.6487467,93.25921699,48.93207247,2.792438078,16.47775731,7.173864308
The Cotswolds,56.55,9.247,18.649,10.92,47.9241838,93.17119486,48.42765327,2.486447416,21.18091272,6.742206085
The Wrekin,49.693,26.049,4.311,16.77,59.3223132,92.26986711,49.78988823,3.678026381,12.81198457,9.668441433
Thirsk and Malton,52.602,15.447,8.981,14.905,56.4327811,95.7420912,48.97317146,2.621122243,15.50023485,6.554992831
Thornbury and Yate,41.021,7.772,37.943,10.554,52.1900806,95.30907074,49.66114367,2.400617395,15.18779655,7.36077949
Thurrock,33.678,32.596,1.299,31.713,70.2553097,85.27547202,49.56948088,6.027867044,10.10073995,8.616403596
Tiverton and Honiton,53.996,12.713,10.464,16.474,57.8205268,95.15588265,48.3788204,2.674437056,12.97279976,6.293570479
Tonbridge and Malling,59.413,14.168,6.819,15.191,52.8574319,92.49608487,48.97196262,2.90117731,18.53992201,6.666329881
Tooting,41.886,47.195,3.936,2.871,25.5875841,65.32322949,48.80531387,4.046697242,44.08669222,9.681915988
Torbay,40.664,8.665,33.83,13.603,62.453668,93.99682906,48.24877486,4.695366133,9.566891717,7.602026109
Torridge and West Devon,50.852,10.63,13.225,18.329,57.1897604,96.15982219,48.77396252,3.1750297,13.1069576,6.578311021
Totnes,52.957,12.714,9.909,14.133,53.8913636,95.00356284,47.96797063,3.109304396,15.88084717,6.351525985
Tottenham,11.96,67.329,4.126,3.553,23.7770263,47.75954255,49.90289159,7.185854026,22.79177844,11.06416893
Truro and Falmouth,44.003,15.16,16.842,11.577,45.8503699,94.68019577,47.97791441,2.991524267,18.04689066,9.937394304
Tunbridge Wells,58.686,14.208,8.443,12.602,44.6463372,89.86770724,49.36804035,3.005598925,22.84775727,6.827829066
Twickenham,41.255,11.498,38.002,4.95,33.3158577,78.91124935,48.79770414,2.937086613,39.65003557,7.544428798
Tynemouth,32.809,48.212,2.982,12.227,47.6370041,95.9892263,48.06650533,4.257657106,18.47162057,7.113275752
Uxbridge and South Ruislip,50.235,26.369,4.943,14.162,57.1873736,75.84694271,49.72188466,3.779637746,19.03756756,14.27922187
Vauxhall,27.263,53.77,6.908,2.889,22.4283962,58.98818763,51.26410776,5.778588152,42.81059317,12.61126165
Wakefield,34.18,40.26,3.451,18.295,62.7650673,91.26364726,49.30370028,5.205156935,10.97107438,8.194669415
Wallasey,22.663,60.361,2.331,11.675,49.9231196,96.24793167,48.49067573,5.948799804,10.4633018,8.756316802
Walsall North,33.769,39.021,2.277,22.021,74.1852182,93.7802254,49.02000469,7.955916301,5.966502891,9.285455591
Walsall South,32.824,47.182,1.616,15.632,61.6352759,81.91244123,49.39220684,7.419901261,10.67143289,10.14308781
Walthamstow,13.36,68.856,3.974,5.998,33.4885855,56.983903,50.11459335,6.415625765,23.99948811,9.651007073
Wansbeck,21.766,50.008,6.247,18.205,56.289907,97.6031746,48.57753358,5.781677454,10.95335588,7.7851037850000004
Wantage,53.313,16.02,13.05,12.497,46.459651,91.19702784,49.52293389,2.73421741,23.34752672,7.087973431
Warley,19.324,58.188,2.128,16.487,61.6275351,77.04580211,49.10684266,7.458648466,11.68556629,9.673430874
Warrington North,28.175,47.821,4.141,17.079,58.0743911,94.73181183,49.71169903,4.477191401,12.18587619,9.138457984
Warrington South,43.684,39.051,5.619,8.271,51.1100543,93.93262627,49.49586507,3.546171587,19.09567039,7.516703266
Warwick and Leamington,47.941,34.881,4.966,8.27,41.640274,87.33786288,50.18427013,3.460009019,26.46904904,11.77887585
Washington and Sunderland West,18.877,54.964,2.665,19.65,61.8513324,97.55808574,48.30341123,5.986857013,7.987397815,8.889741478
Watford,43.456,26.013,18.08,9.762,51.1519779,77.919936860000007,49.41377647,3.893040188,21.08642737,8.294821765
Waveney,42.348,37.735,2.021,14.522,63.4142191,96.20879443,48.74992681,4.7541455,7.39269623,7.558014716
Wealden,57.015,10.813,9.085,16.734,52.7748349,92.60348025,48.39699325,2.609645182,16.68142076,6.705993766
Weaver Vale,43.158,41.439,2.977,9.702,50.552837,96.23407707,48.88780499,4.402515723,16.27444341,7.134835921
Wellingborough,52.082,19.51,4.442,19.568,63.0196654,89.40834032,49.28927364,4.597149015,10.16859231,7.538691962
Wells,46.125,6.643,32.796,9.918,53.6303482,94.25662269,48.62706763,2.884550429,14.50713176,7.236810267
Welwyn Hatfield,50.356,26.149,6.254,13.058,52.8225561,82.45629022,49.16472085,3.339028996,20.22327029,14.58321469
Wentworth and Dearne,14.914,56.892,2.628,24.851,70.2792954,97.56716512,48.82238208,5.187311612,6.937659544,8.397474885
West Bromwich East,24.931,50.189,2.003,21.202,68.1750179,82.91491537,49.30819039,7.291882832,8.217232226,9.124162217
West Bromwich West,23.882,47.331,1.57,25.227,68.6708936,88.09526449,49.30647182,7.630038158,6.758341931,9.403377277
West Dorset,50.177,9.977,21.607,12.496,51.0392986,94.3557511,48.04839723,2.288810588,16.76647452,6.259166143
West Ham,15.43,68.441,2.709,7.482,47.9650184,48.03594238,51.48980031,7.012761118,23.27383635,13.45056974
West Lancashire,32.438,49.267,2.613,12.195,54.9508129,96.06633121,48.47938226,4.138909185,13.95228818,10.22184246
West Suffolk,52.169,17.476,5.007,21.734,63.2487003,84.22403302,50.47709755,3.298368859,10.85029315,8.755313332
West Worcestershire,56.085,13.39,9.695,14.351,52.5193924,95.17772589,48.73333479,3.111847203,19.57117861,6.212223701
Westminster North,41.826,46.829,3.687,3.768,33.6548028,46.43961258,49.0575571,5.230127843,41.47882851,8.60230708
Westmorland and Lonsdale,33.201,5.438,51.491,6.195,47.0561736,94.84264588,48.68027503,1.837399172,19.89469831,5.980767168
Weston-Super-Mare,47.958,18.256,10.439,17.822,57.201446,93.49589598,48.43797944,3.687307744,10.91171061,7.472575944
Wigan,20.729,52.16,2.771,19.469,62.9588907,95.90883213,49.81742869,5.364248952,10.18763198,8.688823887
Wimbledon,52.094,26.034,12.657,5.113,29.3693947,64.94112765,49.22869443,2.884668017,45.49402961,6.72856476
Winchester,55.002,8.339,24.425,7.452,39.6373786,89.89548113,48.45790983,2.342683204,28.15730055,10.09115855
Windsor,63.391,13.385,8.618,9.952,46.659077,82.67808105,49.43563282,2.958940469,26.19024198,6.698134412
Wirral South,37.206,48.199,3.523,8.932,46.5489416,96.36298263,48.15383339,3.459422019,16.82927647,6.892355349
Wirral West,44.152,45.148,3.423,6.622,44.6901996,95.94272421,47.40712913,3.716161122,18.66090412,6.513603722
Witham,57.503,15.831,6.129,16.047,60.4684298,94.7155345,49.06874442,3.283706693,12.37501389,7.305295774
Witney,60.191,17.178,6.759,9.152,46.3446575,91.90104887,49.10048769,2.27144414,20.87396849,7.14456141
Woking,56.191,16.144,11.637,11.302,44.2519336,80.68291301,49.73269104,3.156493134,26.19388588,7.044488524
Wokingham,57.731,14.522,13.522,9.85,42.6940889,87.54178452,49.48375101,2.64741439,27.79428286,6.923868109
Wolverhampton North East,29.921,46.081,2.75,19.187,67.7052519,87.68721052,48.87476475,8.16506259,7.772397094,10.13669608
Wolverhampton South East,22.325,53.328,2.295,20.311,68.1449563,84.46873901,49.36321263,8.633560019,7.928330185,9.410617281
Wolverhampton South West,41.217,43.209,2.102,10.719,54.3675021,80.37285221,50.15368671,6.552201785,18.25352516,10.06677423
Worcester,45.319,33.964,3.373,12.827,53.6772433,91.83136238,49.16875911,4.184949988,16.98322352,10.69070954
Workington,30.148,42.332,4.441,19.598,61.010184,97.6123936,49.19030665,3.922721691,10.46148161,7.166647525
Worsley and Eccles South,30.094,44.235,2.616,18.284,59.7911332,93.55622116,48.78976767,5.240902281,11.44858025,8.464543026
Worthing West,51.463,15.671,8.819,18.259,56.0165191,91.49634728,47.3955914,3.344491737,12.24826965,6.681516828
Wycombe,51.408,22.528,8.838,10.105,48.4619161,80.97917631,49.68070338,3.765621226,21.22014043,9.900971772
Wyre and Preston North,53.17,24.807,5.436,13.182,54.1988663,94.86231687,48.54630132,2.103014997,17.87704962,7.107976126
Wyre Forest,45.295,19.262,2.484,16.114,63.1454747,96.08675683,49.29726971,4.204283087,10.90158887,7.419239602
Wythenshawe and Sale East,25.713,50.142,4.454,14.687,49.6480992,87.99768584,48.57451773,5.5085912,16.60118699,8.518750356
Yeovil,42.467,7.119,33.135,13.43,59.8655446,93.92038058,49.36272628,2.90860348,10.89049064,8.079001339
York Central,28.307,42.394,7.979,10.057,38.8206767,88.24538372,49.31438592,3.855486986,24.95742797,17.559578
York Outer,49.12,24.763,11.63,9.742,44.6677162,93.63766383,47.80557572,2.116432965,19.36973232,9.926140973
Aberdeen North,12.072,25.94,4.666,0,43.0922087,81.1006081,49.4370522,3.687923536,NA,18.48495795
Aberdeen South,22.836,26.757,4.638,1.848,32.1431052,84.28704787,49.47154951,2.749975841,NA,11.51861111
Airdrie and Shotts,7.653,34.115,1.531,2.457,39.8381266,97.38598637,48.57359194,6.44497451,NA,8.876463393
Angus,28.999,8.81,2.734,3.046,48.2443342,95.32114785,48.60471606,4.6554699,NA,7.727547556
Argyll and Bute,14.905,10.396,27.921,2.527,39.4323969,95.10015199,48.9304267,4.090183559,NA,7.077558242
"Ayr, Carrick and Cumnock",19.834,27.25,1.638,2.452,44.1115509,97.05062803,47.9412269,5.5847864209999996,NA,8.055043512
Banff and Buchan,28.815,5.801,5.144,0,61.3773463,93.59321106,49.60525595,3.313505177,NA,8.166438544
"Berwickshire, Roxburgh and Selkirk",36.006,4.906,18.703,2.391,43.2586814,94.895599,48.42051899,4.11053046,NA,6.937887477
"Caithness, Sutherland and Easter Ross",6.804,8.954,35.064,2.87,51.339391,96.27826255,49.12661299,4.680489611,NA,6.964598499
Central Ayrshire,17.338,26.411,1.806,0,41.6221328,97.3103691,47.5493591,5.548682703,NA,7.98941859
"Coatbridge, Chryston and Bellshill",6.33,33.917,1.083,2.069,38.7765475,97.32884989,48.04812694,5.781717577,NA,8.744811643
"Cumbernauld, Kilsyth and Kirkintilloch East",7.879,30.011,2.226,0,36.9891249,97.07856388,48.44274353,5.160011067,NA,8.819473176
Dumfries and Galloway,29.904,24.702,1.684,2.299,45.110854,96.33746806,48.33202835,4.34556811,NA,7.2313113
"Dumfriesshire, Clydesdale and Tweeddale",39.819,14.791,2.67,2.823,44.6451668,96.21751874,48.68337214,3.99206664,NA,6.399518067
Dundee East,14.955,19.929,2.878,0,38.4116704,94.17492274,47.61520633,4.94262743,NA,8.834757317
Dundee West,8.615,23.688,2.364,0,40.7456334,89.50642189,48.41750163,5.530848459,NA,17.42653487
Dunfermline and West Fife,11.85,31.748,3.994,0,39.3928374,95.57659838,49.03476474,5.123497089,NA,7.533717122
East Dunbartonshire,8.615,12.309,36.314,1.033,26.8681963,95.16409913,48.15198198,2.942309948,NA,7.864580162
"East Kilbride, Strathaven and Lesmahagow",11.776,28.33,1.721,2.017,36.9324131,96.5932502,48.28667257,4.532322866,NA,8.332255143
East Lothian,19.506,31.011,2.571,1.996,35.3955957,94.66690735,48.00886509,4.186979031,NA,7.924426126
East Renfrewshire,21.973,34.012,1.884,1.565,25.6814189,95.17079957,47.65716431,3.485283672,NA,8.140305165
Edinburgh East,9.917,29.905,2.814,1.907,27.6367854,80.87269446,48.29405963,4.214109637,NA,19.00140588
Edinburgh North and Leith,16.167,31.28,4.541,1.46,21.7955235,80.66074607,49.30261906,4.24890447,NA,11.13643427
Edinburgh South,17.502,39.145,3.699,1.219,22.1533874,84.66420681,47.70607073,3.111561617,NA,14.74519632
Edinburgh South West,20.24,27.195,3.721,2.077,27.8616465,84.12168971,50.24789391,4.287955153,NA,13.60091096
Edinburgh West,12.272,11.712,33.118,1.85,28.7660196,91.02208251,47.93610452,3.527834289,NA,7.349318352
Na h-Eileanan an Iar,7.623,28.611,2.861,0,43.9006772,97.06328565,49.37147811,4.151428289,NA,6.368299379
Falkirk,12.14,25.075,2.03,3.031,42.1058823,96.47010234,48.71277133,4.932663663,NA,7.794043412
Glasgow Central,6,33.054,1.557,1.999,28.7506085,75.33339908,52.00039449,5.666411185,NA,21.36274478
Glasgow East,5.998,32.367,0.75,2.605,43.8373141,94.62140454,47.14079769,7.272727273,NA,9.915104918
Glasgow North,7.857,27.937,2.741,1.316,21.6204743,83.28354459,48.01775644,4.872834997,NA,21.28259534
Glasgow North East,4.673,33.69,0.792,0,40.6576167,88.95450416,47.89409928,7.701097951,NA,10.88009877
Glasgow North West,8.419,30.884,2.723,0,31.492853,90.14694581,47.46978412,6.713643505,NA,10.02538367
Glasgow South,9.742,29.735,2.089,0,28.1918886,90.5363566,47.89873879,5.780260929,NA,8.818239767
Glasgow South West,4.975,32.839,0.992,2.37,40.864367,91.32878458,46.86409698,7.17284531,NA,9.547625001
Glenrothes,7.742,30.594,1.874,0,47.6138884,96.48211387,48.23601859,6.342651419,NA,8.130773106
Gordon,11.704,5.916,32.72,2.005,38.8188652,94.47136564,49.48137765,2.096737668,NA,7.253704445
Inverclyde,9.967,30.314,2.479,1.603,36.2034214,97.38602197,47.86034239,5.182861741,NA,8.70957845
"Inverness, Nairn, Badenoch and Strathspey",5.919,7.483,31.293,2.145,40.1324389,92.79646052,48.80709465,3.795305214,NA,7.455658452
Kilmarnock and Loudoun,12.526,30.355,1.464,0,39.4546665,97.49096168,48.33798161,5.876741871,NA,8.659229418
Kirkcaldy and Cowdenbeath,9.875,33.377,2.174,2.339,43.261454,94.89165524,48.42459184,6.192612174,NA,7.749667385
Lanark and Hamilton East,15.875,30.54,2.177,2.59,35.9562057,97.00039995,48.10845733,5.077205632,NA,8.037902639
Linlithgow and East Falkirk,11.988,31.042,2.033,2.731,42.018303,95.67660969,48.81761421,5.207420304,NA,8.242409128
Livingston,10.303,27.617,2.141,3.053,43.2609029,93.7977794,48.98252639,4.991463415,NA,8.544776119
Midlothian,11.918,30.196,2.342,2.427,37.9409695,95.95609891,48.16978614,4.389458796,NA,8.18036472
Moray,31.086,9.939,2.831,3.935,49.8731967,94.7499866,49.24272469,3.924864786,NA,7.673508763
Motherwell and Wishaw,7.66,31.878,1.246,2.672,37.7103561,96.38039544,48.4244394,6.599797336,NA,8.993576017
North Ayrshire and Arran,14.791,27.972,1.663,2.406,42.3965875,97.34073182,47.65220122,6.701834992,NA,7.887766319
North East Fife,16.289,7.68,31.326,0,36.3147835,89.72160881,48.01007369,3.091789019,NA,14.254522
Ochil and South Perthshire,20.713,28.429,2.559,2.3,39.5023841,95.05790814,48.71348404,4.321461778,NA,7.127079519
Orkney and Shetland,8.91,7.145,41.389,4.761,40.2813083,95.69143679,50.15500045,2.233062659,NA,7.621978614
Paisley and Renfrewshire North,12.253,32.747,2.091,0,35.5479443,96.19051923,48.09412987,4.429218899,NA,8.440281983
Paisley and Renfrewshire South,7.628,38.645,2.185,0,34.7952793,95.20441708,48.08084082,5.836491942,NA,9.368923048
Perth and North Perthshire,32.727,8.142,3.799,2.048,39.9016464,92.40393483,48.76831643,3.576678778,NA,7.844041398
"Ross, Skye and Lochaber",6.214,4.886,35.864,1.947,43.4930294,94.76363529,48.77072697,3.594855947,NA,6.198596378
Rutherglen and Hamilton West,7.55,35.241,1.814,2.258,37.5699018,96.18813612,47.79348924,5.660060246,NA,8.113200218
Stirling,23.115,25.516,2.67,0,32.1961127,92.90391924,47.91295001,3.860797145,NA,11.59816947
West Aberdeenshire and Kincardine,28.835,4.506,21.4,1.823,38.5194827,93.76185803,49.38937957,2.068741319,NA,6.804056264
West Dunbartonshire,7.033,31.339,1.596,0,38.005553,96.8595679,47.60030864,6.389060796,NA,9.109347443
Ynys Mn,21.168,31.126,2.15,14.662,50.9420042,96.54915342,49.13764677,4.685347711,13.8210399,7.542544193
Delyn,32.723,40.545,3.684,16.419,54.4088866,96.40290853,49.17501179,3.759515302,12.18837535,7.681318838
Alyn and Deeside,31.943,40.035,4.195,17.573,58.0533688,95.26089328,49.48063754,3.938910717,10.4686704,8.595842676
Wrexham,31.633,37.229,5.303,15.502,57.5742546,91.30207376,49.81693784,4.171063487,12.99793628,9.219547363
Llanelli,14.346,41.344,1.947,16.252,56.6745967,95.34371346,48.80300326,4.400911006,10.74149391,8.383285125
Gower,37.097,37.034,3.63,11.163,49.3087327,96.49314435,48.46631285,2.959910079,18.79786384,6.747709428
Swansea West,22.559,42.573,9.04,13.494,43.4007848,88.00639659,50.92849705,3.950986541,18.86792453,19.97694253
Swansea East,15.295,52.969,4.141,17.19,61.7925537,94.00392371,48.78315288,4.622456797,9.768537897,8.88795073
Aberavon,11.871,48.904,4.432,15.769,60.124484,97.13305007,48.76687887,4.799983555,8.289717738,8.281795775
Cardiff Central,14.682,40.009,27.121,6.466,32.0145785,81.07313529,50.42623472,4.042365895,26.47742647,29.78762046
Cardiff North,42.441,38.263,3.818,7.728,39.1478544,91.40772181,47.98669905,3.225055845,25.93911513,11.22409606
Rhondda,6.709,50.656,1.503,12.677,60.4499008,97.92169714,48.99390594,5.451488478,6.724687726,9.095090261
Torfaen,23.115,44.648,3.35,18.987,60.7752165,97.4059279,48.85091483,4.921859143,9.156630189,8.73280071
Monmouth,49.937,26.798,5.259,10.413,48.0645083,95.41638303,48.97232871,3.339914719,19.87756104,6.692701802
Newport East,27.301,40.703,6.412,18.417,59.3309312,92.76305654,49.17578185,5.338648254,11.29669338,9.975350485
Newport West,32.525,41.225,3.919,15.203,53.6570798,91.5270313,48.88935727,4.97522909,15.64036355,9.118160209
Arfon,13.12,30.264,2.675,8.485,35.845443,93.19994057,49.05320853,3.789604015,18.34926884,16.23660707
Aberconwy,41.505,28.241,4.614,11.5,52.1971173,95.43383852,48.33466277,3.968548327,14.15231858,7.287069042
Clwyd West,43.292,25.594,3.647,13.117,53.0131181,95.99025974,48.67965368,3.924709652,13.41746115,6.983225108
Vale of Clwyd,39.023,38.351,2.595,12.98,56.5590817,95.74830171,48.79256269,4.614361442,10.18500924,8.216480781
Dwyfor Meirionnydd,22.654,13.503,3.988,10.812,47.4282288,97.07019461,49.25368265,3.346763117,13.15825495,6.694833689
Clwyd South,30.37,37.221,3.847,15.629,59.8838563,96.38554217,49.70472853,4.124719554,11.80105945,7.901827472
Montgomeryshire,45.04,5.628,29.265,11.165,55.8429442,96.17428934,49.7185594,2.789909393,12.71319312,7.261010677
Ceredigion,11.019,9.662,35.851,10.234,45.3701374,93.98066437,49.77872027,2.559010539,17.86619675,16.39314033
Preseli Pembrokeshire,40.396,28.144,1.923,10.497,55.3168878,95.49793046,48.87513547,4.009493786,13.13239356,7.821170695
Carmarthen West and South Pembrokeshire,43.683,28.679,2.387,11.643,55.1631174,95.26106183,48.72119786,3.690433536,13.10995649,8.517158447
Carmarthen East and Dinefwr,21.158,24.216,2.355,11.074,53.2082359,96.78518143,49.12028826,3.246199193,14.21269636,7.136221603
Brecon and Radnorshire,41.057,14.733,28.325,8.33,51.8550865,95.44488923,49.09605908,3.28497782,15.00441306,6.667919129
Neath,15.325,43.813,3.159,16.41,54.015405,97.69269398,49.13068853,4.223408171,10.53654359,7.94527613
Cynon Valley,12.064,47.69,2.724,16.33,56.7322317,97.27636617,48.5540666,5.114336846,8.734127127,9.136790811
Merthyr Tydfil and Rhymney,10.063,53.856,4.13,18.664,58.3543388,96.14198352,48.99095985,5.981595092,7.994171769,9.166445094
Blaenau Gwent,10.791,58.012,1.957,17.918,62.0280444,97.84856905,49.16635632,6.865602501,6.367648855,9.264617412
Bridgend,32.183,37.067,4.177,14.982,50.2766239,95.40270179,49.51235086,4.275647916,14.28593186,8.17673056
Ogmore,15.943,52.945,3.041,15.376,58.9024508,97.64510691,49.23198373,4.760362694,9.290710943,8.196633573
Pontypridd,17.341,41.059,12.945,13.423,46.5109786,95.52138622,49.11807481,3.863773156,15.3299043,10.66265584
Caerphilly,16.59,44.346,2.321,19.341,55.1359713,97.25569096,48.94228558,5.045756156,11.39236861,8.338698551
Islwyn,15.158,48.97,2.684,19.581,58.939917,97.93390622,49.16056652,4.85996854,8.926147052,8.573360917
Vale of Glamorgan,46.024,32.611,2.552,10.701,52.5506701,95.57467795,48.80030287,4.64273168,15.55336018,8.075061648
Cardiff West,25.151,40.654,4.725,11.242,43.8226362,89.76127962,48.61524603,4.795057263,23.38167181,8.887472948
Cardiff South and Penarth,26.813,42.784,4.967,13.763,42.8171979,86.75538598,49.10055372,5.175224124,21.17264603,9.765017914
